{"cameraMode":{"drawMode":0,"name":"Shaded","section":"Shading Mode"},"sceneLighting":true,"audioPlay":false,"sceneViewState":{"m_AlwaysRefresh":true,"showFog":true,"showSkybox":true,"showFlares":true,"showImageEffects":true,"showParticleSystems":true,"showVisualEffectGraphs":true,"m_FxEnabled":true},"in2DMode":false,"pivot":{"x":0.38986730575561526,"y":0.7911394834518433,"z":6.402634620666504},"rotation":{"x":-0.0709560215473175,"y":-0.7319610118865967,"z":0.07713812589645386,"w":-0.6732695698738098},"size":3.3268518447875978,"orthographic":false}