{"cameraMode":{"drawMode":0,"name":"Shaded","section":"Shading Mode"},"sceneLighting":true,"audioPlay":false,"sceneViewState":{"m_AlwaysRefresh":true,"showFog":true,"showSkybox":true,"showFlares":true,"showImageEffects":true,"showParticleSystems":true,"showVisualEffectGraphs":true,"m_FxEnabled":true},"in2DMode":false,"pivot":{"x":16.713722229003908,"y":-0.6105015277862549,"z":2.1486117839813234},"rotation":{"x":0.10011444985866547,"y":0.8189921975135803,"z":-0.1505632996559143,"w":0.5445742011070252},"size":5.440542221069336,"orthographic":false}