{"cameraMode":{"drawMode":0,"name":"Shaded","section":"Shading Mode"},"sceneLighting":true,"audioPlay":false,"sceneViewState":{"m_AlwaysRefresh":true,"showFog":true,"showSkybox":true,"showFlares":true,"showImageEffects":true,"showParticleSystems":true,"showVisualEffectGraphs":true,"m_FxEnabled":true},"in2DMode":false,"pivot":{"x":6.004452228546143,"y":-1.811269760131836,"z":-2.7626852989196779},"rotation":{"x":-0.024458732455968858,"y":0.9655321836471558,"z":-0.2396714985370636,"w":-0.09853363782167435},"size":5.4864325523376469,"orthographic":false}