{"cameraMode":{"drawMode":0,"name":"Shaded","section":"Shading Mode"},"sceneLighting":true,"audioPlay":false,"sceneViewState":{"m_AlwaysRefresh":true,"showFog":true,"showSkybox":true,"showFlares":true,"showImageEffects":true,"showParticleSystems":true,"showVisualEffectGraphs":true,"m_FxEnabled":true},"in2DMode":false,"pivot":{"x":4.600036144256592,"y":0.3022727966308594,"z":-0.40792274475097659},"rotation":{"x":-0.01986878737807274,"y":-0.9805522561073303,"z":0.1401437520980835,"w":-0.13711777329444886},"size":2.241321086883545,"orthographic":true}