{"cameraMode":{"drawMode":0,"name":"Shaded","section":"Shading Mode"},"sceneLighting":false,"audioPlay":false,"sceneViewState":{"m_AlwaysRefresh":true,"showFog":true,"showSkybox":true,"showFlares":true,"showImageEffects":true,"showParticleSystems":true,"showVisualEffectGraphs":true,"m_FxEnabled":true},"in2DMode":false,"pivot":{"x":0.15965013206005097,"y":5.176653861999512,"z":-1.32901930809021},"rotation":{"x":0.6228519678115845,"y":0.007554585114121437,"z":-0.0060599325224757198,"w":0.7823173999786377},"size":10.398906707763672,"orthographic":false}