{"cameraMode":{"drawMode":0,"name":"Shaded","section":"Shading Mode"},"sceneLighting":true,"audioPlay":false,"sceneViewState":{"m_AlwaysRefresh":true,"showFog":true,"showSkybox":true,"showFlares":true,"showImageEffects":true,"showParticleSystems":true,"showVisualEffectGraphs":true,"m_FxEnabled":true},"in2DMode":false,"pivot":{"x":-17.120641708374025,"y":5.919569969177246,"z":-0.9791228175163269},"rotation":{"x":0.15108837187290193,"y":0.6787946820259094,"z":-0.14574483036994935,"w":0.7036820650100708},"size":0.6975494027137756,"orthographic":false}