{"cameraMode":{"drawMode":0,"name":"Shaded","section":"Shading Mode"},"sceneLighting":true,"audioPlay":false,"sceneViewState":{"m_AlwaysRefresh":true,"showFog":true,"showSkybox":true,"showFlares":true,"showImageEffects":true,"showParticleSystems":true,"showVisualEffectGraphs":true,"m_FxEnabled":true},"in2DMode":false,"pivot":{"x":3.4207370281219484,"y":11.858255386352539,"z":6.515769004821777},"rotation":{"x":0.0330781526863575,"y":0.9023067355155945,"z":-0.42423924803733828,"w":0.07043790072202683},"size":3.256826400756836,"orthographic":true}